field,name
FIELD_1,_id
FIELD_2,ADDRESS_POINT_ID
FIELD_3,ADDRESS_NUMBER
FIELD_4,LINEAR_NAME_FULL
FIELD_5,ADDRESS_FULL
FIELD_6,POSTAL_CODE
FIELD_7,MUNICIPALITY
FIELD_8,CITY
FIELD_9,CENTRELINE_ID
FIELD_10,LO_NUM
FIELD_11,LO_NUM_SUF
FIELD_12,HI_NUM
FIELD_13,HI_NUM_SUF
FIELD_14,LINEAR_NAME_ID
FIELD_15,WARD_NAME
FIELD_16,X
FIELD_17,Y
FIELD_18,LONGITUDE
FIELD_19,LATITUDE
FIELD_20,MI_PRINX
FIELD_21,OBJECTID
FIELD_22,CAPACITY
FIELD_23,MULTIMODAL
FIELD_24,SEASONAL
FIELD_25,SHELTERED
FIELD_26,SURFACE
FIELD_27,STATUS
FIELD_28,LOCATION
FIELD_29,NOTES
FIELD_30,MAP_CLASS
geometry,geometry
